favourites_count,followersCount,friendsCount,hashtags,imageurl,lang,listedCount,retweetCount,retweetText,retweeted,tweetCreatedAt,tweetId,tweetText,url,userCreatedAt,userDescription,userID,userLocation,userName
3933,197,269,,http://pbs.twimg.com/profile_images/813216446297686016/hDxO6-iR_normal.jpg,en,10,1,Still...tommorrow I will climb out the window and smoke a cigarette on the gorgeous wysteria dangled tin roof top,True,2014-01-07 07:43:13,420460598996922370,RT @Amelia_Draws: Still...tommorrow I will climb out the window and smoke a cigarette on the gorgeous wysteria dangled tin roof top,https://t.co/DXVFIwQrYt,2012-11-01 21:03:20,stop reading my diary,919835424,Texas,Hella Hellacious
33374,784,678,['makeitagoodone'],http://pbs.twimg.com/profile_images/1120156654622969857/bFlZaY-S_normal.jpg,en,1,0,,False,2014-01-16 19:45:05,423903754120085504,Happy Birthday Bud I hope you've enjoyed this twitter fight entertainment on your birthday @Jack_Kairys #makeitagoodone,https://t.co/lvgTFbNEAW,2012-09-20 20:16:25,U.S. Army,836283974,Far Out ,Donovan üá∫üá∏
30296,1050,812,None,http://pbs.twimg.com/profile_images/1104823653814886400/vVqkLgWp_normal.jpg,en,6,0,,False,2014-01-29 05:16:10,428396125070962688,@ZNasty84 me too bud,https://t.co/iqLPLDh24i,2013-07-24 06:17:42,"-‚Äî‚Äî‚Äî‚Äî‚Äî- { P H O T O üìº V I D E O } ‚Äî‚Äî‚Äî‚Äî- High Contrast, High Content, Casually Lit. üì∏ü¶ï IG: @dutchiedino",1617032035,"Arizona, USA",ü¶ï DINO ü¶ï
4761,588,519,,http://pbs.twimg.com/profile_images/1110103347875315712/MqawqHMZ_normal.jpg,en,4,1,I just need pot rn,True,2014-01-31 05:38:42,429126574823444480,RT @saamlevenhar: I just need pot rn,https://t.co/VhqgyhQKmU,2010-05-03 03:19:29,snapchat: marcjames14 Staten Island New York,139596213,NY,Marc
15592,315,619,None,http://pbs.twimg.com/profile_images/1001874151496351745/AQ1Cz1R6_normal.jpg,en,14,0,,False,2014-02-01 23:31:15,429758878214287360,@Gr0t3squ3ry that's what this kid does for fun. Pour some smoke into this cup.,,2011-02-06 20:49:42,"I'm a chef, cat owner, and gardener. Sometimes I share my every thought. #Sensate #LGTBQ Supporter #Clockbuster",248358808,"Illinois, USA",Colin T
7521,11596,2969,None,http://pbs.twimg.com/profile_images/1058000964605616128/6RTJXCru_normal.jpg,en,972,0,,False,2014-02-17 08:02:31,435323361451704320,Interesting - Candy Crush maker King reportedly kicking IPO plans into the long grass after weak interest http://t.co/jlKaFy1GTE,https://t.co/nnz2eZ4sc5,2011-04-01 15:15:54,"Senior City Correspondent @yahoofinance Past: @businessinsider, @eveningstandard, @independent. Loeb award finalist 2018. CPFC. Oscar@yahoofinance.com",275574802,London,Oscar Williams-Grut
44177,1007,503,,http://pbs.twimg.com/profile_images/1128384422925959168/93QI_DvL_normal.jpg,en,11,1,@Marihunna weed in my king size and right beside me got that potion,True,2014-02-21 05:38:47,436736741353877504,RT @BCebz: @Marihunna weed in my king size and right beside me got that potion,https://t.co/l6OG1vlFJB,2013-06-03 00:24:05,#4L,1478531461,"bay area, ca",NBA Youngboy fan acct
25148,2696,1380,None,http://pbs.twimg.com/profile_images/1060196229840334851/Btwr04hQ_normal.jpg,en,64,0,,False,2014-02-23 05:07:38,437453673980256256,"I hate my CO/smoke detector! It randomly starts beeping at night then stops. Of course, it never beeps when the Fire Dept is inspecting it.",,2012-12-04 16:11:30,"Pediatric Hospitalist, #tweetiatrician, Child Advocate, @UMich/@theroeperschool alumnus & Citizen of the üåè. Tweets = my views. RTs ‚â† endorsements.",989075401,"Cleveland, OH","Anika Kumar, MD"
16117,325,335,['IAintEvenMad'],http://pbs.twimg.com/profile_images/1085941492303233025/Pj30Alu5_normal.jpg,en,2,0,,False,2014-02-23 05:39:16,437461635444518912,"Found my self bored and hungry, so those two gave way to some home made hash browns. #IAintEvenMad‚Ä¶ http://t.co/HyanxI5azW",https://t.co/foE6c0fnur,2012-01-25 14:09:44,‚ÄúI'm above average‚Äù23.shsu.Listen to my boi @itsCrystalSkiesüñ§ Meme page link below,473951906,HTX,memedaddy.jpg
15101,471,525,None,http://pbs.twimg.com/profile_images/651794301052170240/kb5tfAvf_normal.jpg,en,10,2,,False,2014-03-02 04:45:08,439984727043608576,you mispelled best ‚Äú@chellebells_: Female weed smokers the worst.‚Äù,https://t.co/acjpgZVS8K,2010-02-23 21:22:04,Aspiring Graphic Novel Writer  and Artist.,116877145,Nowhere NJ,KILLER QUEEN
6016,379,259,None,http://pbs.twimg.com/profile_images/1104727611559817216/0mbDDgwx_normal.jpg,en,3,0,,False,2014-03-04 02:00:34,440668091266379777,@emilyturtonn ok. we don't smoke so shove it up your asshole. no ones fucking sub tweeting about you so stop. we all stopped subtweeting.,https://t.co/O49h4H6iJo,2013-04-01 04:35:12,"spread love, lots n lots of love. @liluzivert (ps. my gf is wAY cool n skates like she tony hawk)",1319638866,,aneesa piccione üöÄüèÅüíñüåèü§ü
21398,600,384,,http://pbs.twimg.com/profile_images/823372674797801472/msNye03f_normal.jpg,en,0,1,Happy birthday bud @BennettBurke http://t.co/05YdOW1sfx,True,2014-03-05 22:06:35,441333982538387456,RT @Bau_Down99: Happy birthday bud @BennettBurke http://t.co/05YdOW1sfx,,2012-08-13 20:59:31,AMDG | MSU,755821764,,Bennett Burke
2287,1657,419,,http://pbs.twimg.com/profile_images/976441069725454336/qybTtQ6C_normal.jpg,en,6,39,"On the kush clock, it's always time to smoke.",True,2014-03-25 22:18:14,448584670339686401,"RT @SoStonedTho: On the kush clock, it's always time to smoke.",,2012-12-29 18:27:13,,1045632260,"Paris, France",EFleurian
15101,471,525,None,http://pbs.twimg.com/profile_images/651794301052170240/kb5tfAvf_normal.jpg,en,10,0,,False,2014-03-29 02:48:06,449739750443081728,@taylorkapp keep calm amd go smoke,https://t.co/acjpgZVS8K,2010-02-23 21:22:04,Aspiring Graphic Novel Writer  and Artist.,116877145,Nowhere NJ,KILLER QUEEN
17330,657,395,['kaminsky'],http://pbs.twimg.com/profile_images/1074031196500316162/mC6eJWfp_normal.jpg,en,3,0,,False,2014-04-01 01:46:10,450811327108239360,@IceNasty34 wait till Wisconsin bud #kaminsky,,2011-07-16 21:53:26,"dog father, informatics @ Indiana University",336772164,Newburgh/Bloomington,Seth Harvey
15101,471,525,,http://pbs.twimg.com/profile_images/651794301052170240/kb5tfAvf_normal.jpg,en,10,5,Marijuana really bout to be leagal in New Jersey...,True,2014-04-09 03:50:25,453741697282093056,RT @Boonce_Bama: Marijuana really bout to be leagal in New Jersey...,https://t.co/acjpgZVS8K,2010-02-23 21:22:04,Aspiring Graphic Novel Writer  and Artist.,116877145,Nowhere NJ,KILLER QUEEN
9633,1065,717,None,http://pbs.twimg.com/profile_images/926241143351926784/CIztNI6e_normal.jpg,en,2,0,,False,2014-04-18 04:01:58,457006095748169728,That boils my pot,https://t.co/rEI9NLjz9Y,2011-01-19 00:31:32,Professional Bullshitter,240027812,"Chicago, IL",Corey
91074,1324,589,None,http://pbs.twimg.com/profile_images/1129816337323372544/YBbBon-E_normal.jpg,en,6,0,,False,2014-04-18 13:24:01,457147540711174144,"So you get caught smoking weed in the bathroom yesterday, but you're in school today without punishment... Makes senseüòÇ",,2012-04-09 04:57:24,East Carolina '21 ‚Ä¢ Rest Easy Mom ‚Ä¢ Riddim n‚Äô Stuff ‚Ä¢ Cyclops Army,549033867,,√ãm √õh L‚òØU.
5957,981,673,None,http://pbs.twimg.com/profile_images/945154860609089537/-O3AA00N_normal.jpg,en,4,0,,False,2014-04-22 15:09:25,458623614905225216,"@maxlapin7 thank ya maxxipad, miss you bud üòâ",,2012-04-04 17:56:02,Wofford College Soccer '20,545317106,"Blythewood, SC",Liam Murphy
3476,369,604,None,http://pbs.twimg.com/profile_images/813528122054348801/T9TsnVBH_normal.jpg,en,5,0,,False,2014-04-28 14:39:46,460790483414163456,"5am ""Squeeze"" silent disco at Columbus Circle followed by the hotel break-in followed by Central Park grass nap",https://t.co/Jy6nAaWmve,2010-07-04 08:25:16,"& there are those who have the truth within them, but they tell it not in words ~ Kahlil Gibran ‚ôäÔ∏è",162647380,New York,betta
20934,611,480,None,http://pbs.twimg.com/profile_images/1034591159132344321/Cp86dBbv_normal.jpg,en,14,0,,False,2014-04-28 05:40:33,460654783481667584,"‚ÄúMany people who smoke marijuana claim they do not dream, but after they quit, dreams become extremely vivid and intense.‚Äù",https://t.co/CjFVVvBBU6,2009-04-26 04:47:30,photographer and creative consultant taylor@taylorjamesnyc.com,35405464,"Los Angeles, CA",colt
5575,207,550,None,http://pbs.twimg.com/profile_images/978041966888980480/RvDzCkg4_normal.jpg,en,2,0,,False,2014-05-01 19:25:01,461949428761645056,@Joey_Sterrett are you gonna plug it into the grass?,,2013-04-07 23:00:57,Check out my standup https://t.co/vRuXJEFLIK Instagram: jackteetscomedy,1335280442,,(Ryan)Jack
2770,453,203,None,http://pbs.twimg.com/profile_images/998049523875233793/RN0kFc0z_normal.jpg,en,21,0,,False,2014-05-03 03:46:03,462437907484401664,I need a chicken pot pie STAT,,2008-12-23 03:08:21,"üç¢üèàüìïFSU, #goARMY, Zero Tolerance for Monday Morning QBs üìíüèàüç¢ @CMLions",18324900,"Miami, FL",AJR
1917,380,1690,,http://pbs.twimg.com/profile_images/1055161233727479810/iDgSpn5g_normal.jpg,en,3,3198,My new favorite joint http://t.co/GQU3FiwLz9,True,2014-05-03 16:59:39,462637623736283136,RT @FunnyPicsDepot: My new favorite joint http://t.co/GQU3FiwLz9,,2012-12-26 02:06:57,"According to all known laws of aviation, there is no way a bee should be able to fly. It's wings are too small to get its fat little body off the ground.",1036080247,,it really do
757,11994,2960,"['mnsenate', 'mnleg']",http://pbs.twimg.com/profile_images/1014178447365554176/dLWnl_Ik_normal.jpg,es,292,3,,False,2014-05-08 00:55:04,464206818915676160,Photos from #mnsenate debate on medical marijuana bill http://t.co/d61P1Mn7vv #mnleg,https://t.co/qIDBURfzHf,2010-06-16 20:57:51,"The official Twitter account of the Minnesota Senate DFL at the state Capitol in Saint Paul, MN.",156395674,"St. Paul, MN",Minnesota Senate DFL
7020,538,412,,http://pbs.twimg.com/profile_images/1068371153662734336/fX0gGoVG_normal.jpg,en,1,387,‚Äú@WeAreGirICodes: lowkey every girl's weaknessüòç http://t.co/fNAOJ3Zf75‚Äù  fuck i love grass üòçüòçüòç,True,2014-05-09 03:54:56,464614470434955264,RT @danababy97: ‚Äú@WeAreGirICodes: lowkey every girl's weaknessüòç http://t.co/fNAOJ3Zf75‚Äù  fuck i love grass üòçüòçüòç,,2012-02-23 01:39:54,,500339706,,Marisa
7874,639,433,None,http://pbs.twimg.com/profile_images/1035759217322405890/sZfn_7WE_normal.jpg,en,4,0,,False,2014-05-18 01:38:38,467841658059780096,‚Äú@iLifeAsStoner: How are you always broke but always got money for weed?‚Äù @maddymcgrath14,https://t.co/KS6VNLGXrr,2011-01-30 00:37:39,the best rapper at Outback Steakhouse. find me anywhere @TheDanMoss | d4ddyyyys boy,244728317,Elsewhere,@thedanmoss fan account üíØü•∞
23178,527,469,None,http://pbs.twimg.com/profile_images/1097336332060372995/SAWmnZr4_normal.jpg,und,4,0,,False,2014-05-27 01:55:22,471107362498289665,@DeathOrHesh @imhotteronline thc,,2011-01-03 20:27:21,medium quality takes. hmu if you‚Äôre treated unfairly at work or if you want to start a union or something. IC.,233663961,,Prince Javier
29892,1381,622,None,http://pbs.twimg.com/profile_images/1130202694977769472/lmDsgQfv_normal.jpg,en,12,1,,False,2014-06-02 02:33:53,473291381541470208,I just want someone to  smoke with me babe and lay with me babe and laugh with me babe I just want the simple things,https://t.co/Q7c1CUzaY1,2011-08-18 21:34:11,‚Ä¢LSU '19‚Ä¢chemical engineering‚Ä¢keep that aura glowinüåû snap: @taylahyoungg,357764361,being nocturnal somewhere,tay ‚ô°
13711,358,1755,,http://pbs.twimg.com/profile_images/842012391814635521/bxBaKmQE_normal.jpg,en,11,36,Seriously this maureen dowd column is hilarious. Ate a full pot candy bar when she was supposed to have 1/16th of it http://t.co/3Z2aHaze2J,True,2014-06-04 02:32:38,474015843265675266,RT @samsteinhp: Seriously this maureen dowd column is hilarious. Ate a full pot candy bar when she was supposed to have 1/16th of it http:/‚Ä¶,https://t.co/xDAoHC0FTl,2008-05-28 18:53:38,Changing the world one hastily composed sentence at a time.,14936606,Brooklyn,Brownsvillain
4803,230,157,,http://pbs.twimg.com/profile_images/1121907761825177604/mXqjhmrL_normal.jpg,en,2,321,"The cartoon ""Scooby Doo"" was based on a group of pot smoking teenagers. The constant hunger, hullucinations, &amp; a hippie van.",True,2014-06-11 02:41:49,476554867608014848,"RT @NotCommonFacts: The cartoon ""Scooby Doo"" was based on a group of pot smoking teenagers. The constant hunger, hullucinations, &amp; a hippie‚Ä¶",,2011-08-23 16:09:13,Living since the 90's | Instagram: Justin_mcks,360684979,"Coon Rapids, MN",McSlyy
3262,701,413,,http://pbs.twimg.com/profile_images/1091503125926682624/5HSKNpdC_normal.jpg,en,3,93,32.5 million Americans smoke pot on a daily basis.,True,2014-06-11 23:46:29,476873133816053760,RT @WoWFactz: 32.5 million Americans smoke pot on a daily basis.,,2013-05-17 15:09:46,kean University. SC: luisg_07 | N Œ£ Œ¶ |,1435908356,"New York, USA",Otro Luis
15101,471,525,,http://pbs.twimg.com/profile_images/651794301052170240/kb5tfAvf_normal.jpg,en,10,1,Y'all smoke ONE blunt wit FIVE heads and be HELLLAA lit.   Like what the fuck?  Y'all don't smoke.,True,2014-06-13 19:16:45,477530027714564096,RT @pilljuuga: Y'all smoke ONE blunt wit FIVE heads and be HELLLAA lit.   Like what the fuck?  Y'all don't smoke.,https://t.co/acjpgZVS8K,2010-02-23 21:22:04,Aspiring Graphic Novel Writer  and Artist.,116877145,Nowhere NJ,KILLER QUEEN
494,3725,634,None,http://pbs.twimg.com/profile_images/1000029283715203074/mwSXMj9j_normal.jpg,en,121,0,,False,2014-06-15 20:50:04,478278288310550528,"This week we're taking your Weber grill to a more primal state, with the author of ""Smoke - New Firewood... http://t.co/jfV7C2FQfY",https://t.co/AyF2Qq1w5t,2009-07-16 15:52:47,"Support your local public radio station, right now: https://t.co/7Elb4LgLun",57366701,"Merrillville, IN",Lakeshore Public Radio - 89.1 FM
1131,267,209,None,http://pbs.twimg.com/profile_images/999107498052206592/1CU178a8_normal.jpg,en,1,0,,False,2014-06-29 04:19:55,483102537847808000,Beer bonging it bud,,2012-04-27 03:57:37,bruce. Alpha Tau Omega Alumni. RIP B.O.T.,564276463,,Bryce
29892,1381,622,,http://pbs.twimg.com/profile_images/1130202694977769472/lmDsgQfv_normal.jpg,en,12,73,Date someone who gives you the same feeling of when you're next in rotation and the weed is about to get passed to you,True,2014-06-30 02:30:56,483437498492669952,RT @blazednconfus3d: Date someone who gives you the same feeling of when you're next in rotation and the weed is about to get passed to you,https://t.co/Q7c1CUzaY1,2011-08-18 21:34:11,‚Ä¢LSU '19‚Ä¢chemical engineering‚Ä¢keep that aura glowinüåû snap: @taylahyoungg,357764361,being nocturnal somewhere,tay ‚ô°
18320,657,569,,http://pbs.twimg.com/profile_images/1112411999818928128/K-mb2eQ3_normal.jpg,en,1,16,Smoke Signals - Mac Miller,True,2014-07-01 11:53:17,483941405610360832,RT @3rdEyeSociety_: Smoke Signals - Mac Miller,,2012-07-15 05:56:45,asu ‚Äò22,636021669,nc,Hannah Mac
15101,471,525,None,http://pbs.twimg.com/profile_images/651794301052170240/kb5tfAvf_normal.jpg,en,10,1,,False,2014-07-06 04:23:00,485640031642857472,The fault in my savings: Weed? Weed,https://t.co/acjpgZVS8K,2010-02-23 21:22:04,Aspiring Graphic Novel Writer  and Artist.,116877145,Nowhere NJ,KILLER QUEEN
17161,1198,742,,http://pbs.twimg.com/profile_images/1130302950100877312/UaGZhASD_normal.jpg,en,6,3069,"By the age of 3, a girl named Charlie was suffering from 300 seizures every week. Marijuana has gotten her down to 2 or 3 seizures a month.",True,2014-07-12 14:23:17,487965422453403648,"RT @UberFacts: By the age of 3, a girl named Charlie was suffering from 300 seizures every week. Marijuana has gotten her down to 2 or 3 se‚Ä¶",,2012-04-29 05:11:40,,566001700,"Dallas, TX",Ethan
5455,557,601,None,http://pbs.twimg.com/profile_images/1082552832698564609/0xVnK21Z_normal.jpg,en,1,0,,False,2014-07-17 04:03:07,489621294078365698,S/o to @shawnwebb33  my best bud since I can remember. üòò,,2013-12-10 03:02:58,what's stoppin ya,2216831279,dirty jerz,Zach Ellis
3216,178,181,None,http://pbs.twimg.com/profile_images/1082118655511613442/PzWXSrOz_normal.jpg,en,0,0,,False,2014-07-19 14:41:59,490506845279100928,Why mother fuckers gotta cut there grass so early ! Lbs,,2012-01-04 16:29:09,IV/XXI/XVüíçü§ûüèºüåπüåö2Ô∏è‚É£3Ô∏è‚É£‚ôåÔ∏èüçîüåÆü•ì,454993620,The Region ,tori‚ö°Ô∏è
23178,527,469,None,http://pbs.twimg.com/profile_images/1097336332060372995/SAWmnZr4_normal.jpg,en,4,0,,False,2014-07-23 03:32:27,491787903991676930,@DeathOrHesh HE'S NOT MAD ABOUT THE WEED HE'S MAD I LEFT IT IN MY CAR &amp; POSSIBLY GOTTEN ARRESTED.,,2011-01-03 20:27:21,medium quality takes. hmu if you‚Äôre treated unfairly at work or if you want to start a union or something. IC.,233663961,,Prince Javier
6810,633,280,['whereszayn'],http://pbs.twimg.com/profile_images/1127724011138494464/ezJ-pK2E_normal.jpg,en,2,0,,False,2014-07-23 20:38:25,492046093530591232,ZAYN SMOKE A BLUNT FOR US 4 YEARS #whereszayn,,2014-01-19 03:20:39,https://t.co/qRXyeIz2Lo,2298895273,,M“âY“âA“â
9641,32996,536,,http://pbs.twimg.com/profile_images/717477286363025410/TJONrpwO_normal.jpg,en,69,1,Have you ever wondered what the human equivalent of a marijuana plant would look like?http://t.co/LyE1NVcbG9   @SpaceJesusBASS,True,2014-07-24 18:52:41,492381874267115520,RT @MichelleLHOOQ: Have you ever wondered what the human equivalent of a marijuana plant would look like?http://t.co/LyE1NVcbG9   @SpaceJes‚Ä¶,https://t.co/cwdGgp3S8T,2009-06-26 15:52:41,2 piscey,51108880,,MF NOOM
6972,437,1058,None,http://pbs.twimg.com/profile_images/1115071159853170688/Ojz03CBs_normal.jpg,en,2,0,,False,2014-07-27 04:02:37,493245044921753600,Girls when they smoke weed for the first time http://t.co/V9lOqcyPIP,,2013-04-21 06:14:01,I said I'm a homosexual having a panic attack.,1368790086,,Anth√∏ny¬∞üîúEDCLV ‚ú®üé™
7766,412,139,None,http://pbs.twimg.com/profile_images/722061928781119488/DTGRGJY4_normal.jpg,en,21,0,,False,2014-08-07 23:38:54,497527332824174592,"Ok, smirking asshole who walked in front of me and through my cigarette smoke. Technically, you were in my air. Deal with it.",,2009-06-22 03:06:31,Whovian ‚Ä¢ Runner ‚Ä¢ Foodie ‚Ä¢ Food Trucker Guitarist for @ThrillOfSeconds,49517744,In my skin.,Lou Flores
44176,1007,503,None,http://pbs.twimg.com/profile_images/1128384422925959168/93QI_DvL_normal.jpg,en,11,0,,False,2014-08-17 22:27:44,501133302338568192,@arrudachris415 we shall see bud we shall see,https://t.co/l6OG1vlFJB,2013-06-03 00:24:05,#4L,1478531461,"bay area, ca",NBA Youngboy fan acct
9477,186651,47565,None,http://pbs.twimg.com/profile_images/1107653957214760960/cSZzBRNu_normal.png,en,6304,0,,False,2014-08-28 16:35:56,505031034681819136,Facebook is looking to weed out spammy posts. What this could mean for communicators: http://t.co/kFp4uaP5ZG,https://t.co/HvdJ9S3NDD,2009-03-24 15:38:15,"The hub for communicators. Conferences, awards and how-to content. #PRNEWS",26258900,US,PRNEWS
655,854,852,None,http://pbs.twimg.com/profile_images/822156223927619584/io8YcYCn_normal.jpg,en,3,1,,False,2014-09-02 08:31:30,506721062546337792,Smoke a bowl!,https://t.co/28d7kg21yw,2009-10-16 02:26:46,"9890 S. Maryland Pkwy #15 Las Vegas, NV 89183 (702) 896-0340 Instagram: @houseofsmokes",82775952,Las Vegas NV,House of Smokes
18833,539,126,None,http://pbs.twimg.com/profile_images/1126227481432875008/STdHsmLV_normal.jpg,en,4,0,,False,2014-09-25 19:08:54,515216388865425408,MY WHOLE HOUSE IS FULL OF BLACK SMOKE,,2012-08-26 18:20:26,"Tyler, the Creator only wears white socks. IG:nikimagesart",782940835,boolin' on mars ,Roach Bitch
3,275,84,None,http://pbs.twimg.com/profile_images/1122294446236819462/i0dahqIg_normal.jpg,en,11,0,,False,2014-09-26 20:58:09,515606270347575296,"He ain't low. He ""traded"" that to someone be knew. He probably got infinite numbers of pot now.",,2009-10-01 15:38:44,‚Ä¢ Music ‚Ä¢ Travel ‚Ä¢ Fitness ‚Ä¢ @VapeShackNYC  https://t.co/nv8pjEgNp4,78932603,,üê∏‚òïÔ∏è
5091,4971,1799,['RedCross'],http://pbs.twimg.com/profile_images/1105154965444665348/OQ2D1dby_normal.png,en,74,0,,False,2014-09-28 17:20:22,516276240211525632,#RedCross Preparedness Month Tip: Know the difference between the sound of smoke alarms and carbon monoxide alarms http://t.co/dAtz9eDYRD,https://t.co/GWb77JZ8Cc,2009-04-30 14:57:25,Welcome to the official Rutter‚Äôs Twitter page! Follow us @RuttersFS for contests and special offers. Fresh made food. Premium coffee. Rewards.,36681165,"York, PA",Rutter's
8134,7741,4910,"['ashamed', 'kitchenfail']",http://pbs.twimg.com/profile_images/1125408289808953344/pKatWyKb_normal.png,en,220,1,,False,2014-10-01 00:49:49,517114125550624769,"I knew I was no culinary goddess, but who ruins a shirt &amp; sets off the smoke alarm making breakfast for dinner? #ashamed #kitchenfail",https://t.co/bkoMCjk9zi,2010-06-14 17:01:27,"Writer sharing info to help people be happier, healthier, well-traveled & good parents  ND grad  Mom of a teen, wife of a Wolverine  All opinions are my own",155621085,Chicago suburbs,Shannan Ball Younger
347,186,368,None,http://pbs.twimg.com/profile_images/1103761131787571200/T4HzP6hl_normal.png,en,2,0,,False,2014-10-01 02:28:52,517139052559364097,Thanks Juul Haalmeyer !  https://t.co/mX9T8CNDBS -we're gonna bury your children !! Wait a minute - that sounds wrong http://t.co/X9KKVTDrOp,https://t.co/usuyItLV5U,2014-09-23 23:41:40,TALENT DRIVERS - Is an original comedy about a group of Drivers who work in the Transport Dept of Film & TV. Instagram @talentdriverstv Facebook @TalentDrivers,2828895546,"Toronto, Canada",Talent Drivers
19308,785,367,None,http://pbs.twimg.com/profile_images/3366669058/5fe62e8cdea344e96160e3dbe7947b34_normal.jpeg,en,8,0,,False,2014-10-04 03:19:08,518238864759336961,@JD_Kim39 awh bud! I love and miss you I hope your senior year is going well you deserve it!,,2011-06-25 15:24:49,you can do anything but not everything,323863664,in krust we trust,Krusty95
31713,442,170,,http://pbs.twimg.com/profile_images/1102598742522368000/7NgIm43v_normal.jpg,en,2,194,"Seattle has a $15/hr mi. wage, legal recreational marijuana, and now Indigenous People Day.... Is Seattle flirting with me?!",True,2014-10-08 00:05:06,519639584049602560,"RT @Naivana_: Seattle has a $15/hr mi. wage, legal recreational marijuana, and now Indigenous People Day.... Is Seattle flirting with me?!",,2011-01-01 18:51:18,can I just say.....what the fuck,232916963,BlackLivesMatter,sacred whore üåô
10214,284,302,,http://pbs.twimg.com/profile_images/1089639268421681155/bof2zCh-_normal.jpg,en,2,1153,Niggas always on my Instagram tryna sell handmade buckets or pounds of weed and lean in the comments.... The fuck,True,2014-10-08 21:53:35,519968877657088001,RT @CurrenSy_Spitta: Niggas always on my Instagram tryna sell handmade buckets or pounds of weed and lean in the comments.... The fuck,,2010-11-17 04:09:21,üá∫üá∏üáµüá∏,216579173,Houston Texas ,Ahmad Hamad
44176,1007,503,None,http://pbs.twimg.com/profile_images/1128384422925959168/93QI_DvL_normal.jpg,en,11,0,,False,2014-10-12 09:14:34,521227416468226048,When I don't smoke I really stay up hella late lol and I haven't smoked since The 7th,https://t.co/l6OG1vlFJB,2013-06-03 00:24:05,#4L,1478531461,"bay area, ca",NBA Youngboy fan acct
14977,691,371,None,http://pbs.twimg.com/profile_images/1127573074788929537/7r462Fnn_normal.jpg,en,1,0,,False,2014-10-26 03:51:35,526219564779327488,@Jbarczynski28 looks like your hair is going to be purple bud,,2012-08-27 20:11:23,you either at the table or on the menu,785390305,,Jared Tierney
2010,325,278,None,http://pbs.twimg.com/profile_images/1057914998301720577/Wu6J7xm7_normal.jpg,en,2,0,,False,2014-10-29 16:26:14,527496641889062912,Last dance with Mary Jane. One more time to kill the pain,,2011-03-14 03:36:05,I am an extraterrestrial üëΩ,265770288,Outer Space,tommyboy
655,854,852,None,http://pbs.twimg.com/profile_images/822156223927619584/io8YcYCn_normal.jpg,en,3,0,,False,2014-11-01 03:47:15,528392802896711680,HALLOWEEN RAVE! Repost the flyer for $10 all you can smoke tonight! http://t.co/W3KufnBNQN,https://t.co/28d7kg21yw,2009-10-16 02:26:46,"9890 S. Maryland Pkwy #15 Las Vegas, NV 89183 (702) 896-0340 Instagram: @houseofsmokes",82775952,Las Vegas NV,House of Smokes
37775,589,352,,http://pbs.twimg.com/profile_images/1106683893854416897/z0OZGUX0_normal.jpg,en,5,12929,I gonna smoke weed in the White House ya'll.,True,2014-11-05 23:11:54,530135447159451648,RT @Sethrogen: I gonna smoke weed in the White House ya'll.,,2009-03-22 18:03:32,Extra heavy cream.,25851526,"Raleigh, NC",seth
49121,662,511,None,http://pbs.twimg.com/profile_images/1129958344997785601/PQhXhnS4_normal.jpg,en,7,3,,False,2014-11-07 16:46:51,530763319448436736,"""I've already tried alcohol I wanna try weed next."" Alright freshmen calm down",,2012-06-21 17:27:43,If you don‚Äôt roll coal then you can kiss my gas! | sc: hayleerussell | insta: hayleegrizz,614525361,:/WY:/,a ‚Äúbitch‚Äù
1466,1621,584,,http://pbs.twimg.com/profile_images/456486958701633536/_4IAjiUh_normal.jpeg,en,44,1,Smoke Detector Saves Life in Kentucky House Fire http://t.co/njaB2xNIaH,True,2014-11-10 12:09:28,531780680444043264,RT @WSAZnews: Smoke Detector Saves Life in Kentucky House Fire http://t.co/njaB2xNIaH,,2010-01-21 22:05:57,"Physician, Researcher, Dialectic and budding Epistemologist. Views are my own.",107221826,Washington DC,"Rahul Gupta, MD, MPH, MBA"
45519,267,291,,http://pbs.twimg.com/profile_images/755600647018405888/0lN0rncZ_normal.jpg,en,4,13557,"MUST WATCH: Three grandmas smoke weed for the first time, hilarity ensues ---&gt; http://t.co/L4jZ3iuala http://t.co/638nAnQ6Ld",True,2014-11-19 21:51:07,535188548170031106,"RT @ComplexMag: MUST WATCH: Three grandmas smoke weed for the first time, hilarity ensues ---&gt; http://t.co/L4jZ3iuala http://t.co/638nAnQ6Ld",,2013-08-30 17:57:01,,1713386983,,grace
44176,1007,503,,http://pbs.twimg.com/profile_images/1128384422925959168/93QI_DvL_normal.jpg,en,11,2,"Its not like its all I do all day every day Im productive and focused on making a better life for myself ,while smoking weed in the meantime",True,2014-11-21 18:54:01,535868753746354177,"RT @razo___: Its not like its all I do all day every day Im productive and focused on making a better life for myself ,while smoking weed i‚Ä¶",https://t.co/l6OG1vlFJB,2013-06-03 00:24:05,#4L,1478531461,"bay area, ca",NBA Youngboy fan acct
18833,539,126,None,http://pbs.twimg.com/profile_images/1126227481432875008/STdHsmLV_normal.jpg,en,4,1,,False,2014-11-28 16:27:09,538368508535771136,‚Äú@_TheWeedMan_: Smoking weed leads to.... http://t.co/qUPGJjXHKr‚Äù @aalewandowski,,2012-08-26 18:20:26,"Tyler, the Creator only wears white socks. IG:nikimagesart",782940835,boolin' on mars ,Roach Bitch
7303,1227,689,None,http://pbs.twimg.com/profile_images/1065792595010437125/tj348K53_normal.jpg,en,4,0,,False,2014-11-29 23:31:27,538837676481581056,When I go back to coastal im not smoking because I might as well just go outside and pick some grass and roll that and smoke it.,,2010-08-21 19:00:34,"|Look Good, Smell Great, Cook Well but Be Better|",181265084,"Boston, MA",Jarad Trent
9074,433,676,None,http://pbs.twimg.com/profile_images/1124130809378758659/V5DkbMzA_normal.jpg,en,0,0,,False,2014-12-18 18:14:17,545643227555332096,The man in the dentist office right now REEKS  of smoke. I can't breathe.,https://t.co/47jkjwKPIz,2011-10-10 18:37:52,don't call me Jules. |MSU '20,388426019,,jküåä
3593,16693,6657,None,http://pbs.twimg.com/profile_images/1082315733328027650/OK6wsCRn_normal.jpg,en,343,5,,False,2014-12-22 15:40:34,547054092594327552,"Our military is here delivering presents to our children! Thank you, NAS Joint Reserve Base! http://t.co/Y3GtfC5bUh",https://t.co/QAZuCDPYm7,2009-02-16 14:52:29,"The official Twitter feed for Cook Children's Healthcare System, providing you with the latest health and hospital news. Disclaimer: https://t.co/THic5wJ6D8",20990717,"Fort Worth, Texas",Cook Children's
5061,4795,5246,None,http://pbs.twimg.com/profile_images/1084870930927517696/BcrPXxa5_normal.jpg,en,276,0,,False,2014-12-24 22:56:50,547888658204721153,Illinois posts rules on medical marijuana for children http://t.co/f7gjl5nzHH http://t.co/m56hk2hRi3,http://t.co/PKqUEEhXgW,2011-11-01 21:53:52,"Education Choice Advocate, Data Analysis, #PrincipleOverParty Political Junkie",403004768,"Lake County, IL",Lennie Jarratt
5061,4795,5246,None,http://pbs.twimg.com/profile_images/1084870930927517696/BcrPXxa5_normal.jpg,en,276,0,,False,2014-12-24 20:53:44,547857680719962112,Denver shelters cite legal pot in homeless upswing http://t.co/7boCmBNE2K http://t.co/UGGRuGEoSq,http://t.co/PKqUEEhXgW,2011-11-01 21:53:52,"Education Choice Advocate, Data Analysis, #PrincipleOverParty Political Junkie",403004768,"Lake County, IL",Lennie Jarratt
44176,1007,503,None,http://pbs.twimg.com/profile_images/1128384422925959168/93QI_DvL_normal.jpg,en,11,0,,False,2014-12-25 07:55:36,548024243519094784,"""@stankdaddypoo: what do yall think chief keef's christmas list looks like?""   Glocks Weed Glo",https://t.co/l6OG1vlFJB,2013-06-03 00:24:05,#4L,1478531461,"bay area, ca",NBA Youngboy fan acct
29892,1380,621,None,http://pbs.twimg.com/profile_images/1130202694977769472/lmDsgQfv_normal.jpg,en,12,0,,False,2014-12-31 04:48:28,550151480653516801,want to smoke blunts and eat sushi in bed w/ you,https://t.co/Q7c1CUzaY1,2011-08-18 21:34:11,‚Ä¢LSU '19‚Ä¢chemical engineering‚Ä¢keep that aura glowinüåû snap: @taylahyoungg,357764361,being nocturnal somewhere,tay ‚ô°
